codigo,raiz,cnpj,cd_cvm,via,participacao_pct
ALOS3,ALOS,05878397000132,22357,codigo_cvm,0.569
ABEV3,ABEV,07526557000100,23264,codigo_cvm,2.278
ASAI3,ASAI,06057223000171,25372,codigo_cvm,0.585
AURE3,AURE,28594234000123,26620,codigo_cvm,0.17
AXIA3,AXIA,00001180000126,2437,codigo_cvm,4.7
AZZA3,AZZA,16590234000176,22349,codigo_cvm,0.105
B3SA3,BSA,09346601000125,21610,codigo_cvm,3.921
BBSE3,BBSE,17344597000194,23159,codigo_cvm,0.856
BBDC3,BBDC,60746948000112,906,codigo_cvm,1.015
BBDC4,BBDC,60746948000112,906,codigo_cvm,4.033
BRAP4,BRAP,03847461000192,18724,codigo_cvm,0.185
BBAS3,BBAS,00000000000191,1023,codigo_cvm,2.429
BRAV3,BRAV,12091809000155,25291,codigo_cvm,0.185
BPAC11,BPAC,30306294000145,22616,codigo_cvm,3.257
CXSE3,CXSE,22543331000100,23795,codigo_cvm,0.433
CEAB3,CEAB,45242914000105,24848,codigo_cvm,0.089
CMIG4,CMIG,17155730000164,2453,codigo_cvm,0.758
COGN3,COGN,02800026000140,17973,codigo_cvm,0.188
CSMG3,CSMG,17281106000103,19445,codigo_cvm,0.812
CPLE3,CPLE,76483817000120,14311,codigo_cvm,1.784
CSAN3,CSAN,50746577000115,19836,codigo_cvm,0.395
CPFE3,CPFE,02429144000193,18660,codigo_cvm,0.325
CMIN3,CMIN,08902291000115,25585,codigo_cvm,0.269
CURY3,CURY,08797760000183,25100,codigo_cvm,0.172
CYRE3,CYRE,73178600000118,14460,codigo_cvm,0.303
DIRR3,DIRR,16614075000100,21350,codigo_cvm,0.129
EMBJ3,EMBJ,07689002000189,20087,codigo_cvm,2.324
ENGI11,ENGI,00864214000106,15253,codigo_cvm,0.797
ENEV3,ENEV,04423567000121,21237,codigo_cvm,2.01
EGIE3,EGIE,02474103000119,17329,codigo_cvm,0.485
EQTL3,EQTL,03220438000173,20010,codigo_cvm,2.082
FLRY3,FLRY,60840055000131,21881,codigo_cvm,0.391
GGBR4,GGBR,33611500000119,3980,codigo_cvm,1.102
GOAU4,GOAU,92690783000109,8656,codigo_cvm,0.334
HAPV3,HAPV,05197443000138,24392,codigo_cvm,0.086
HYPE3,HYPE,02932074000191,21431,codigo_cvm,0.277
IGTI11,IGTI,60543816000193,8672,codigo_cvm,0.242
ISAE4,ISAE,02998611000104,18376,codigo_cvm,0.47
ITSA4,ITSA,61532644000115,7617,codigo_cvm,3.43
ITUB4,ITUB,60872504000123,19348,codigo_cvm,9.337
KLBN11,KLBN,89637490000145,12653,codigo_cvm,0.505
RENT3,RENT,16670085000155,19739,codigo_cvm,1.693
LREN3,LREN,92754738000162,8133,codigo_cvm,0.463
MGLU3,MGLU,47960950000121,22470,codigo_cvm,0.125
POMO4,POMO,88611835000129,8451,codigo_cvm,0.119
MBRF3,MBRF,03853896000140,20788,codigo_cvm,0.454
BEEF3,BEEF,67620377000114,20931,codigo_cvm,0.069
MOTV3,MOTV,02846056000197,18821,codigo_cvm,0.681
MRVE3,MRVE,08343492000120,20915,codigo_cvm,0.083
MULT3,MULT,07816890000153,20982,codigo_cvm,0.415
NATU3,NATU,71673990000177,19550,codigo_cvm,0.235
PETR3,PETR,33000167000101,9512,codigo_cvm,5.022
PETR4,PETR,33000167000101,9512,codigo_cvm,8.231
PSSA3,PSSA,02149205000169,16659,codigo_cvm,0.325
PRIO3,PRIO,10629105000168,22187,codigo_cvm,1.622
RADL3,RADL,61585865000151,5258,codigo_cvm,0.968
RDOR3,RDOR,06047087000139,24821,codigo_cvm,1.595
RAIL3,RAIL,02387241000160,17450,codigo_cvm,0.891
SBSP3,SBSP,43776517000180,14443,codigo_cvm,3.914
SANB11,SANB,90400888000142,20532,codigo_cvm,0.368
CSNA3,CSNA,33042730000104,4030,codigo_cvm,0.159
SMFT3,SMFT,07594978000178,24260,codigo_cvm,0.417
SUZB3,SUZB,16404287000155,13986,codigo_cvm,0.88
TAEE11,TAEE,07859971000130,20257,codigo_cvm,0.331
VIVT3,VIVT,02558157000162,17671,codigo_cvm,0.769
TEND3,TEND,71476527000135,21148,codigo_cvm,0.119
TIMS3,TIMS,02421421000111,24929,codigo_cvm,0.511
TOTS3,TOTS,53113791000122,19992,codigo_cvm,0.688
UGPA3,UGPA,33256439000139,18465,codigo_cvm,1.435
USIM5,USIM,60894730000105,14320,codigo_cvm,0.132
VALE3,VALE,33592510000154,4170,codigo_cvm,8.997
VAMO3,VAMO,23373000000132,24716,codigo_cvm,0.11
VBBR3,VBBR,34274233000102,24295,codigo_cvm,1.561
VIVA3,VIVA,33839910000111,24805,codigo_cvm,0.12
WEGE3,WEGE,84429695000111,5410,codigo_cvm,2.57
YDUQ3,YDUQ,08807432000110,21016,codigo_cvm,0.111
