segment,codigo,empresa,tipo,participacao_pct,partAcum,qtd_teorica
,ALOS3,ALLOS,ON      NM,0.577,,478975645
,ABEV3,AMBEV S/A,ON,2.256,,4043349180
,ASAI3,ASSAI,ON      NM,0.563,,1335651252
,AURE3,AUREN,ON      NM,0.175,,317886569
,AXIA3,AXIA ENERGIA,ON      NM,4.766,,2278697967
,AZZA3,AZZAS 2154,ON      NM,0.107,,130746665
,B3SA3,B3,ON      NM,3.89,,4985893391
,BBSE3,BBSEGURIDADE,ON      NM,0.867,,616248544
,BBDC3,BRADESCO,ON  EJ  N1,0.987,,1464434502
,BBDC4,BRADESCO,PN  EJ  N1,3.913,,5100907585
,BRAP4,BRADESPAR,PN      N1,0.184,,250886751
,BBAS3,BRASIL,ON      NM,2.401,,2842760965
,BRAV3,BRAVA,ON      NM,0.193,,277531689
,BPAC11,BTGP BANCO,UNT     N2,3.199,,1194770950
,CXSE3,CAIXA SEGURI,ON      NM,0.441,,600000000
,CEAB3,CEA MODAS,ON      NM,0.09,,204244409
,CMIG4,CEMIG,PN      N1,0.756,,1823593065
,COGN3,COGNA ON,ON      NM,0.196,,1918999490
,CSMG3,COPASA,ON      NM,0.833,,379172627
,CPLE3,COPEL,ON      NM,1.811,,2969578102
,CSAN3,COSAN,ON      NM,0.402,,2278224258
,CPFE3,CPFL ENERGIA,ON      NM,0.329,,187732538
,CMIN3,CSNMINERACAO,ON      N2,0.273,,1572292846
,CURY3,CURY S/A,ON      NM,0.181,,160988231
,CYRE3,CYRELA REALT,ON      NM,0.295,,256078095
,DIRR3,DIRECIONAL,ON      NM,0.133,,326739860
,EMBJ3,EMBRAER,ON      NM,2.222,,711833141
,ENGI11,ENERGISA,UNT     N2,0.814,,358085210
,ENEV3,ENEVA,ON      NM,2.035,,1916508073
,EGIE3,ENGIE BRASIL,ON      NM,0.484,,443076690
,EQTL3,EQUATORIAL,ON      NM,2.133,,1245905097
,FLRY3,FLEURY,ON      NM,0.401,,445241785
,GGBR4,GERDAU,PN      N1,1.096,,1244099630
,GOAU4,GERDAU MET,PN      N1,0.331,,827170367
,HAPV3,HAPVIDA,ON      NM,0.082,,276640336
,HYPE3,HYPERA,ON  EJ  NM,0.283,,296007718
,IGTI11,IGUATEMI S.A,UNT     N1,0.241,,220429690
,ISAE4,ISA ENERGIA,PN      N1,0.471,,460013216
,ITSA4,ITAUSA,PN      N1,3.343,,5980171123
,ITUB4,ITAUUNIBANCO,PN  EJ  N1,9.158,,5337898685
,KLBN11,KLABIN S/A,UNT     N2,0.508,,786869850
,RENT3,LOCALIZA,ON      NM,1.729,,976910862
,LREN3,LOJAS RENNER,ON      NM,0.458,,975958589
,MGLU3,MAGAZ LUIZA,ON      NM,0.132,,389237948
,POMO4,MARCOPOLO,PN      N2,0.121,,728945103
,MBRF3,MARFRIG,ON      NM,0.476,,735470942
,BEEF3,MINERVA,ON      NM,0.071,,444534706
,MOTV3,MOTIVA SA,ON      NM,0.691,,1002045228
,MRVE3,MRV,ON      NM,0.083,,374720028
,MULT3,MULTIPLAN,ON  EJ  N2,0.412,,322143505
,NATU3,NATURA,ON      NM,0.215,,837026185
,PETR3,PETROBRAS,ON      N2,5.123,,2441951100
,PETR4,PETROBRAS,PN      N2,8.372,,4410957710
,PSSA3,PORTO SEGURO,ON      NM,0.329,,178825403
,PRIO3,PRIO,ON      NM,1.649,,753702456
,RADL3,RAIADROGASIL,ON  EJ  NM,0.964,,1312816783
,RDOR3,REDE D OR,ON      NM,1.597,,1030028001
,RAIL3,RUMO S.A.,ON      NM,0.91,,1406822230
,SBSP3,SABESP,ON      NM,3.946,,3524534025
,SANB11,SANTANDER BR,UNT,0.367,,356245448
,CSNA3,SID NACIONAL,ON,0.161,,727462410
,SMFT3,SMART FIT,ON      NM,0.433,,555416717
,SUZB3,SUZANO S.A.,ON      NM,0.896,,608216821
,TAEE11,TAESA,UNT     N2,0.342,,218568234
,VIVT3,TELEF BRASIL,ON,0.788,,707098992
,TEND3,TENDA,ON      NM,0.125,,118671153
,TIMS3,TIM,ON      NM,0.519,,776308601
,TOTS3,TOTVS,ON      NM,0.709,,515889217
,UGPA3,ULTRAPAR,ON      NM,1.445,,1067930953
,USIM5,USIMINAS,PNA     N1,0.13,,518248757
,VALE3,VALE,ON      NM,8.856,,3687404862
,VAMO3,VAMOS,ON      NM,0.112,,527021942
,VBBR3,VIBRA,ON      NM,1.566,,1194079963
,VIVA3,VIVARA S.A.,ON      NM,0.122,,123861677
,WEGE3,WEG,ON      NM,2.616,,1460506056
,YDUQ3,YDUQS PART,ON      NM,0.115,,247852006
