cd_cvm,codigos,peso_pct,q_acoes,acoes_circulacao,escala_acoes,data_acoes,f,motivo_exclusao,lucro_12m,valor_na_carteira,lucro_na_carteira,pl_implicito
9512,PETR3 PETR4,13.704,6852908810.0,12888732761.0,1.0,2026-06-30,0.531698,,133376000000.0,395941141040.43463,70915704622.89919,5.583265
19348,ITUB4,9.117,5337898685.0,11021872000.0,1000.0,2026-06-30,0.484301,,46828000000.0,263411805521.42755,22678826212.20606,11.614878
4170,VALE3,8.633,3687404862.0,4072366000.0,1000.0,2026-06-30,0.90547,,10369000000.0,249427894819.1821,9388817462.398518,26.566487
906,BBDC3 BBDC4,4.758,6565342087.0,10570712028.0,1.0,2026-06-30,0.621088,,24318943000.0,137469932068.76736,15104202968.195175,9.101436
2437,AXIA3,4.683,2278697967.0,2867341000.0,1000.0,2026-06-30,0.794708,,12056368000.0,135303003757.46901,9581288465.865713,14.121588
14443,SBSP3,4.07,3524534025.0,3506830477.0,1.0,2026-06-30,1.005048,,8040220000.0,117591976359.79051,8080809478.628671,14.552005
21610,B3SA3,3.93,4985893391.0,4998298548.0,1.0,2026-06-30,0.997518,,5329711000.0,113547043512.03357,5316483318.403013,21.357547
7617,ITSA4,3.322,5980171123.0,11207350000.0,1000.0,2026-06-30,0.533594,,18161000000.0,95980478001.77495,9690594811.869265,9.904498
22616,BPAC11,3.204,3584312850.0,11587654666.0,1.0,2026-06-30,0.309322,,18485044000.0,92571177458.66554,5717824931.081305,16.189929
5410,WEGE3,2.616,1460506056.0,4195829691.0,1.0,2026-06-30,0.348085,,6254051000.0,75582459498.08647,2176942352.93328,34.71955
1023,BBAS3,2.387,2842760965.0,5708971478.0,1.0,2026-06-30,0.497946,,12272045000.0,68966105054.25551,6110818843.842791,11.285902
23264,ABEV3,2.26,4043349180.0,15452795000.0,1000.0,2026-06-30,0.261658,,16246909000.0,65296773113.79029,4251135550.732706,15.359843
20087,EMBJ3,2.21,711833141.0,711833000.0,1000.0,2026-06-30,1.0,,2329173000.0,63852154239.5914,2329173461.362978,27.414083
20010,EQTL3,2.141,1245905097.0,1255031275.0,1.0,2026-06-30,0.992728,,958423000.0,61858580193.196915,951453660.612586,65.014811
21237,ENEV3,2.044,1916508073.0,1913005000.0,1000.0,2026-06-30,1.001831,,962659000.0,59056019577.251045,964421810.212784,61.234637
14311,CPLE3,1.814,2969578102.0,2970119787.0,1.0,2026-06-30,0.999818,,3134132000.0,52410772755.936104,3133560402.753366,16.72563
19739,RENT3,1.769,976910862.0,1104614922.0,1.0,2026-06-30,0.88439,,3424267000.0,51110615769.15709,3028388952.623758,16.877164
22187,PRIO3,1.663,753702456.0,798178706.0,1.0,2026-06-30,0.944278,,3868893000.0,48048023755.85543,3653309884.342126,13.151916
24821,RDOR3,1.624,1030028001.0,2180207649.0,1.0,2026-06-30,0.472445,,4822607000.0,46921221033.980286,2278416117.885388,20.593789
24295,VBBR3,1.552,1194079963.0,1196213000.0,1000.0,2026-06-30,0.998217,,5056000000.0,44840969855.133865,5046984352.224896,8.884706
18465,UGPA3,1.444,1067930953.0,1090747475.0,1.0,2026-06-30,0.979082,,3457072000.0,41720593086.86424,3384756123.821984,12.326026
3980,GGBR4,1.067,1244099630.0,1963180639.0,1.0,2026-06-30,0.633716,,2237081000.0,30828166775.40453,1417674761.60406,21.745585
5258,RADL3,0.946,1312816783.0,1748536237.0,1.0,2026-06-30,0.750809,,1342386000.0,27332189099.843193,1007875520.54847,27.118616
17450,RAIL3,0.905,1406822230.0,1855840714.0,1.0,2026-06-30,0.758051,,1227119000.0,26147601623.0001,930218997.26216,28.109082
13986,SUZB3,0.9,608216821.0,1233136722.0,1.0,2026-06-30,0.493227,,8168699000.0,26003139735.58021,4029026180.834049,6.453952
23159,BBSE3,0.87,616248544.0,1941248544.0,1.0,2026-06-30,0.31745,,9189317000.0,25136368411.060863,2917144864.889824,8.616771
19445,CSMG3,0.836,379172627.0,379181000.0,1000.0,2026-06-30,0.999978,,1293036000.0,24154027576.605614,1293007447.434265,18.680502
15253,ENGI11,0.821,1790426050.0,2515331385.0,1.0,2026-06-30,0.711805,,1516835000.0,23720641914.345943,1079691095.076822,21.969841
17671,VIVT3,0.784,707098992.0,3195606352.0,1.0,2026-06-30,0.221272,,6598880000.0,22651623947.43876,1460148992.82218,15.513228
2453,CMIG4,0.762,1823593065.0,2860682000.0,1000.0,2026-06-30,0.637468,,4595105000.0,22015991642.79124,2929232123.99939,7.51596
19992,TOTS3,0.729,515889217.0,573195003.0,1.0,2026-06-30,0.900024,,1425728000.0,21062543185.81997,1283189312.058563,16.414213
18821,MOTV3,0.703,1002045228.0,2009939382.0,1.0,2026-06-30,0.498545,,3877286000.0,20311341371.236534,1933001546.556695,10.507669
25372,ASAI3,0.599,1335651252.0,1338440000.0,1000.0,2026-06-30,0.997916,,,17306534112.90283,,
22357,ALOS3,0.582,478975645.0,500102717.0,1.0,2026-06-30,0.957755,,934541000.0,16815363695.6752,895060880.570951,18.786838
24929,TIMS3,0.508,776308601.0,2388668322.0,1.0,2026-06-30,0.324996,,,14677327761.860828,,
12653,KLBN11,0.504,3934349250.0,6152895333.0,1.0,2026-06-30,0.639431,,561427000.0,14561758251.924917,358993575.680211,40.562727
17329,EGIE3,0.488,443076690.0,1142298836.0,1.0,2026-06-30,0.387882,,3959345000.0,14099480212.181267,1535757038.246733,9.180801
20788,MBRF3,0.476,735470942.0,1382576753.0,1.0,2026-06-30,0.531957,,364839000.0,13752771682.37353,194078543.868254,70.861886
18376,ISAE4,0.475,460013216.0,658883304.0,1.0,2026-06-30,0.698171,,2817169000.0,13723879304.889553,1966865701.161406,6.977538
8133,LREN3,0.456,975958589.0,961283000.0,1000.0,2026-06-30,1.015267,,1493933000.0,13174924132.693972,1516740380.034326,8.686341
24260,SMFT3,0.453,555416717.0,613710538.0,1.0,2026-06-30,0.905014,,686466000.0,13088247000.242039,621261439.13814,21.067213
23795,CXSE3,0.444,600000000.0,3000000000.0,1000.0,2026-06-30,0.2,,4522961000.0,12828215602.886236,904592200.0,14.181214
20982,MULT3,0.421,322143505.0,491046588.0,1.0,2026-06-30,0.656035,,1386266000.0,12163690920.754742,909438328.28817,13.374949
19836,CSAN3,0.413,2278224258.0,3944366465.0,1.0,2026-06-30,0.577589,,-8892036000.0,11932551900.882917,-5135945733.736302,
21881,FLRY3,0.406,445241785.0,543626208.0,1.0,2026-06-30,0.819022,,704308000.0,11730305258.495071,576843696.082033,20.335327
20532,SANB11,0.358,712490896.0,7487527000.0,1000.0,2026-06-30,0.095157,,13840917000.0,10343471139.264126,1317060673.676587,7.853451
20257,TAEE11,0.345,655704702.0,1033497000.0,1000.0,2026-06-30,0.634452,,1625473000.0,9967870231.972412,1031285324.557348,9.665482
16659,PSSA3,0.331,178825403.0,640992323.0,1.0,2026-06-30,0.278982,,3684011000.0,9563376947.196722,1027773232.365894,9.304948
18660,CPFE3,0.327,187732538.0,1152254440.0,1.0,2026-06-30,0.162926,,6004880000.0,9447807437.260809,978352804.425245,9.656851
8656,GOAU4,0.321,827170367.0,1322874548.0,1.0,2026-06-30,0.625283,,794483000.0,9274453172.356941,496776353.947405,18.669273
14460,CYRE3,0.293,256078095.0,435757000.0,1000.0,2026-06-30,0.587663,,2039669000.0,8465466602.805555,1198637203.649178,7.062576
25585,CMIN3,0.275,1572292846.0,5402435438.0,1.0,2026-06-30,0.291034,,2333063000.0,7945403808.093952,679000851.794594,11.701611
21431,HYPE3,0.274,296007718.0,703992255.0,1.0,2026-06-30,0.42047,,1746241000.0,7916511430.609974,734242187.775259,10.78188
8672,IGTI11,0.247,661289070.0,1204567623.0,1.0,2026-06-30,0.548985,,638571000.0,7136417238.542568,350565642.522645,20.356864
19550,NATU3,0.214,837026185.0,1374235000.0,1000.0,2026-06-30,0.609085,,-2656601000.0,6182968781.571294,-1618096322.752066,
25291,BRAV3,0.198,277531689.0,464543102.0,1.0,2026-06-30,0.597429,,54457000.0,5720690741.827645,32534210.760648,175.836162
17973,COGN3,0.195,1918999490.0,2001229192.0,1.0,2026-06-30,0.95891,,701928000.0,5634013609.375711,673086061.007609,8.370421
18724,BRAP4,0.179,250886751.0,393097000.0,1000.0,2026-06-30,0.638231,,,5171735569.632063,,
26620,AURE3,0.177,317886569.0,1044635000.0,1000.0,2026-06-30,0.304304,,-1089423000.0,5113950814.664107,-331515734.835313,
25100,CURY3,0.175,160988231.0,308047594.0,1.0,2026-06-30,0.522608,,1098648000.0,5056166059.696151,574162569.215483,8.806158
4030,CSNA3,0.16,727462410.0,1326093947.0,1.0,2026-06-30,0.548575,,-2626882000.0,4622780397.436481,-1441042631.12636,
22470,MGLU3,0.138,389237948.0,775658438.0,1.0,2026-06-30,0.501816,,88509000.0,3987148092.788965,44415247.551954,89.769805
21350,DIRR3,0.131,326739860.0,520003784.0,1.0,2026-06-30,0.628341,,855893000.0,3784901450.401119,537792930.743327,7.037842
14320,USIM5,0.129,518248757.0,1230942660.0,1.0,2026-06-30,0.421018,,-2320418000.0,3727116695.433162,-976937255.72922,
24805,VIVA3,0.124,123861677.0,235135052.0,1.0,2026-06-30,0.526768,,585836663.0,3582654808.013273,308600146.639404,11.609375
8451,POMO4,0.122,728945103.0,1241400346.0,1.0,2026-06-30,0.587196,,1200687000.0,3524870053.045316,705038396.119281,4.999543
21148,TEND3,0.121,118671153.0,,,2026-06-30,,"f implausivel (q=118,671,153; acoes=57,430)",578815000.0,3495977675.561339,,
24716,VAMO3,0.119,527021942.0,1221740534.0,1.0,2026-06-30,0.43137,,315813000.0,3438192920.593382,136232183.46036,25.237744
21016,YDUQ3,0.116,247852006.0,254449000.0,1000.0,2026-06-30,0.974073,,113537000.0,3351515788.141449,110593373.15227,30.304852
22349,AZZA3,0.114,130746665.0,202175894.0,1.0,2026-06-30,0.646698,,324176000.0,3293731033.173493,209643840.491884,15.711079
24848,CEAB3,0.089,204244409.0,300013123.0,1.0,2026-06-30,0.680785,,562295000.0,2571421596.074043,382801954.828673,6.717368
24392,HAPV3,0.084,276640336.0,475087930.0,1.0,2026-06-30,0.582293,,-173622000.0,2426959708.654153,-101098860.619322,
20915,MRVE3,0.083,374720028.0,562835000.0,1000.0,2026-06-30,0.665772,,-575877000.0,2398067331.170175,-383403032.086768,
20931,BEEF3,0.068,444534706.0,991142507.0,1.0,2026-06-30,0.448507,,458625000.0,1964681668.910505,205696686.500047,9.551353
